{"earth":{"a":[1.00000261,0.00000562],"e":[0.01671123,-0.00004392],"I":[-0.00001531,-0.01294668],"L":[100.46457166,35999.37244981],"long_peri":[102.93768193,0.32327364],"long_node":[0.0,0.0]},"jupiter":{"a":[5.202887,-0.00011607],"e":[0.04838624,-0.00013253],"I":[1.30439695,-0.00183714],"L":[34.39644051,3034.74612775],"long_peri":[14.72847983,0.21252668],"long_node":[100.47390909,0.20469106]},"mars":{"a":[1.52371034,0.00001847],"e":[0.0933941,0.00007882],"I":[1.84969142,-0.00813131],"L":[-4.55343205,19140.30268499],"long_peri":[-23.94362959,0.44441088],"long_node":[49.55953891,-0.29257343]},"mercury":{"a":[0.38709927,0.00000037],"e":[0.20563593,0.00001906],"I":[7.00497902,-0.00594749],"L":[252.2503235,149472.67411175],"long_peri":[77.45779628,0.16047689],"long_node":[48.33076593,-0.12534081]},"neptune":{"a":[30.06992276,0.00026291],"e":[0.00859048,0.00005105],"I":[1.77004347,0.00035372],"L":[-55.12002969,218.45945325],"long_peri":[44.96476227,-0.32241464],"long_node":[131.78422574,-0.00508664]},"pluto":{"a":[39.48211675,-0.00031596],"e":[0.2488273,0.0000517],"I":[17.14001206,0.00004818],"L":[238.92903833,145.20780515],"long_peri":[224.06891629,-0.04062942],"long_node":[110.30393684,-0.01183482]},"saturn":{"a":[9.53667594,-0.0012506],"e":[0.05386179,-0.00050991],"I":[2.48599187,0.00193609],"L":[49.95424423,1222.49362201],"long_peri":[92.59887831,-0.41897216],"long_node":[113.66242448,-0.28867794]},"uranus":{"a":[19.18916464,-0.00196176],"e":[0.04725744,-0.00004397],"I":[0.77263783,-0.00242939],"L":[313.23810451,428.48202785],"long_peri":[170.9542763,0.40805281],"long_node":[74.01692503,0.04240589]},"venus":{"a":[0.72333566,0.0000039],"e":[0.00677672,-0.00004107],"I":[3.39467605,-0.0007889],"L":[181.9790995,58517.81538729],"long_peri":[131.60246718,0.00268329],"long_node":[76.67984255,-0.27769418]}}